QID,Method,Entity,Relation,Ontology,Question,Answer,Para
C-1,Tell me about Sniff Mode.Generate 10 questions with answers based on above writeup. Use JSON format,['Sniff Mode'],[],[],What is sniff mode?,"Sniff mode is a way of capturing network traffic on a network interface by setting the interface to receive all packets on the network, regardless of their destination.",context: 
C-2,Tell me about Sniff Mode.Generate 10 questions with answers based on above writeup. Use JSON format,['Sniff Mode'],[],[],Why is sniff mode useful?,"Sniff mode can be useful for network troubleshooting, network security analysis, and other purposes.",context: 
C-11,Tell me about communication protocol.Generate 10 questions with answers based on above writeup. Use JSON format,['communication protocol'],[],[],What is a communication protocol?,A communication protocol is a set of rules and conventions that govern the exchange of information between devices on a network.,context: 
C-12,Tell me about communication protocol.Generate 10 questions with answers based on above writeup. Use JSON format,['communication protocol'],[],[],Why are communication protocols important?,Communication protocols are important because they enable devices to communicate with each other reliably and efficiently.,context: 
C-21,Tell me about TCP header.Generate 10 questions with answers based on above writeup. Use JSON format.,['TCP header'],[],[],What is a TCP header?,A TCP header is a segment of data that is added to the beginning of a TCP packet when it is transmitted over a network.,context: 
C-22,Tell me about TCP header.Generate 10 questions with answers based on above writeup. Use JSON format.,['TCP header'],[],[],What information does the TCP header contain?,"The TCP header contains several fields that provide information about the packet, such as the source and destination ports, sequence and acknowledgement numbers, and window size.",context: 
C-31,Tell me about Sql Injection. Generate 10 questions with answers based on above writeup. Use JSON format.,['Sql Injection'],[],[],What is SQL Injection?,SQL Injection is a type of web application security vulnerability that allows attackers to inject malicious SQL code into a database query.,context: 
C-32,Tell me about Sql Injection. Generate 10 questions with answers based on above writeup. Use JSON format.,['Sql Injection'],[],[],What can attackers do with SQL Injection?,"Attackers can use SQL Injection to bypass authentication, extract sensitive information, modify or delete data, or perform other unauthorized actions.",context: 
C-41,Tell me about cross side scripting. Generate 10 questions with answers based on above writeup. Use JSON format.,['cross side scripting'],[],[],What is Cross-Site Scripting?,Cross-Site Scripting (XSS) is a type of web application security vulnerability where an attacker can inject malicious code into a web page viewed by other users.,context: 
C-42,Tell me about cross side scripting. Generate 10 questions with answers based on above writeup. Use JSON format.,['cross side scripting'],[],[],What kind of code can an attacker inject through XSS?,"An attacker can inject malicious code, typically in the form of a script, through XSS.",context: 
C-51,Tell me about Dos Attack. Generate 10 questions with answers based on above writeup. Use JSON format.,['Dos Attack'],[],[],What is a DoS attack?,"A DoS (Denial of Service) attack is a type of cyber attack that aims to disrupt normal network traffic to a target system or service, rendering it inaccessible to its intended users.",context: 
C-52,Tell me about Dos Attack. Generate 10 questions with answers based on above writeup. Use JSON format.,['Dos Attack'],[],[],What is the purpose of a DoS attack?,"The main purpose of a DoS attack is to overwhelm the targeted system with traffic, causing it to crash or become unavailable to legitimate users.",context: 
C-61,Tell me about Smurf Attack. Generate 10 questions with answers based on above writeup. Use JSON format.,['Smurf Attack'],[],[],What is a Smurf Attack?,A Smurf Attack is a type of denial-of-service (DoS) attack that targets computer networks.,context: 
C-62,Tell me about Smurf Attack. Generate 10 questions with answers based on above writeup. Use JSON format.,['Smurf Attack'],[],[],Why is it called a Smurf Attack?,"It gets its name from the popular cartoon character, the Smurfs.",context: 
C-71,Tell me about Trojan horses. Generate 10 questions with answers based on above writeup. Use JSON format.,['Trojan horses'],[],[],What is a Trojan horse?,A Trojan horse is a type of malicious software that is designed to look like a legitimate program or file but actually has hidden and harmful code.,context: 
C-72,Tell me about Trojan horses. Generate 10 questions with answers based on above writeup. Use JSON format.,['Trojan horses'],[],[],Where does the name 'Trojan horse' come from?,"The name 'Trojan horse' comes from the ancient Greek story of the Trojan War, in which Greek soldiers hid inside a large wooden horse and were able to enter the city of Troy undetected.",context: 
C-81,Tell me about Packet injection. Generate 10 questions with answers based on above writeup. Use JSON format.,['Packet injection'],[],[],What is packet injection?,"Packet injection is a technique used in computer networking to send custom-crafted packets to a target device or network, with the goal of exploiting vulnerabilities or manipulating network traffic.",context: 
C-82,Tell me about Packet injection. Generate 10 questions with answers based on above writeup. Use JSON format.,['Packet injection'],[],[],What is the purpose of packet injection?,"Packet injection can be used for various purposes, both legitimate and malicious, such as testing network security, simulating network traffic, launching denial-of-service attacks, intercepting sensitive data, or taking control of remote systems.",context: 
C-91,Tell me about Teardrop attacks.Generate 10 questions with answers based on above writeup. Use JSON format.,['Teardrop attacks'],[],[],What are Teardrop attacks?,Teardrop attacks are a type of denial-of-service (DoS) attack that exploit a vulnerability in the reassembly process of fragmented packets in some operating systems.,context: 
C-92,Tell me about Teardrop attacks.Generate 10 questions with answers based on above writeup. Use JSON format.,['Teardrop attacks'],[],[],How do Teardrop attacks work?,"In a Teardrop attack, the attacker sends a series of fragmented packets to the target system with overlapping payloads. When the target system tries to reassemble these packets, the overlapping payloads can cause the system to crash or become unresponsive.",context: 
C-101,Tell me about Idle scan attacks. Generate 10 questions with answers based on above writeup. Use JSON format.,['Idle scan attacks'],[],[],What are Idle scan attacks?,Idle scan attacks are a type of port scanning technique used by attackers to scan a target system without revealing their IP address.,context: 
C-102,Tell me about Idle scan attacks. Generate 10 questions with answers based on above writeup. Use JSON format.,['Idle scan attacks'],[],[],How do Idle scan attacks work?,Idle scan attacks exploit the IP ID field in IP packets and take advantage of the behavior of idle devices on a network.,context: 
C-111,Tell me about  backdoor Attack. Generate 10 questions with answers based on above writeup. Use JSON format.,['backdoor'],[],[],What is a backdoor attack?,A backdoor attack is a type of cyber attack that involves the unauthorized access to a computer system or network through a secret entry point or 'backdoor.',context: 
C-112,Tell me about  backdoor Attack. Generate 10 questions with answers based on above writeup. Use JSON format.,['backdoor'],[],[],How is a backdoor installed on a system?,"A backdoor can be installed on a system through various means, such as exploiting software vulnerabilities, using stolen login credentials, or by installing malware that includes a backdoor.",context: 
C-120,Tell me about Phishing. Generate 10 questions with answers based on above writeup. Use JSON format.,['Phishing'],[],[],What is a phishing attack?,Phishing is a type of cyber attack in which an attacker poses as a legitimate entity to trick individuals into providing sensitive information.,context: 
C-121,Tell me about Phishing. Generate 10 questions with answers based on above writeup. Use JSON format.,['Phishing'],[],[],What are some examples of sensitive information that can be targeted in a phishing attack?,"Sensitive information targeted in a phishing attack can include passwords, credit card numbers, and personal identification numbers (PINs).",context: 
C-130,Tell me about TCP SYN Packet. Generate 10 questions with answers based on above writeup. Use JSON format.,['TCP SYN Packet'],[],[],What is a TCP SYN packet?,A TCP SYN packet is a type of packet used in the three-way handshake process in establishing a TCP connection between two devices over a network.,context: 
C-131,Tell me about TCP SYN Packet. Generate 10 questions with answers based on above writeup. Use JSON format.,['TCP SYN Packet'],[],[],What is the purpose of a TCP SYN packet?,The purpose of a TCP SYN packet is to request a connection between two devices over a network.,context: 
C-140,Tell me about firewall traffic. Generate 10 questions with answers based on above writeup. Use JSON format.,['firewall traffic'],[],[],What is firewall traffic?,Firewall traffic is the network traffic that is processed by a firewall device or software application.,context: 
C-141,Tell me about firewall traffic. Generate 10 questions with answers based on above writeup. Use JSON format.,['firewall traffic'],[],[],What is the purpose of a firewall?,The purpose of a firewall is to monitor and control incoming and outgoing network traffic based on predefined rules.,context: 
C-150,Tell me about IP packets. Generate 10 questions with answers based on above writeup. Use JSON format.,['IP packets'],[],[],What is an IP packet?,"An IP packet is a unit of data transmission over the internet that contains the source and destination IP addresses, as well as the payload of data being transmitted.",context: 
C-151,Tell me about IP packets. Generate 10 questions with answers based on above writeup. Use JSON format.,['IP packets'],[],[],What is the structure of an IP packet?,"The structure of an IP packet consists of a header section and a data section. The header contains information such as the source and destination IP addresses, packet length, and other protocol-specific information. The data section contains the actual payload being transmitted.",context: 
C-160,Tell me about tcpdump pcap. Generate 10 questions with answers based on above writeup. Use JSON format.,['tcpdump pcap'],[],[],What is tcpdump?,tcpdump is a command-line tool used for network traffic analysis and troubleshooting.,context: 
C-161,Tell me about tcpdump pcap. Generate 10 questions with answers based on above writeup. Use JSON format.,['tcpdump pcap'],[],[],What is pcap?,pcap is a file format that tcpdump uses to store captured packets.,context: 
C-170,Tell me about configuration files. Generate 10 questions with answers based on above writeup. Use JSON format.,['configuration files'],[],[],What are configuration files?,Configuration files are files used to store settings and parameters that define how software or systems operate.,context: 
C-171,Tell me about configuration files. Generate 10 questions with answers based on above writeup. Use JSON format.,['configuration files'],[],[],What is the purpose of configuration files?,The purpose of configuration files is to allow users to customize the behavior of software or systems to fit their specific needs.,context: 
C-180,Tell me about ICMP error messages. Generate 10 questions with answers based on above writeup. Use JSON format.,['ICMP error messages'],[],[],What is ICMP?,ICMP stands for Internet Control Message Protocol. It is a network protocol used for sending error messages and operational information about network conditions.,context: 
C-181,Tell me about ICMP error messages. Generate 10 questions with answers based on above writeup. Use JSON format.,['ICMP error messages'],[],[],What are ICMP error messages?,ICMP error messages are generated by network devices to indicate errors in network communication. They provide information about the cause of the error and assist in troubleshooting network issues.,context: 
C-190,Tell me about network traffic. Generate 10 questions with answers based on above writeup. Use JSON format.,['network traffic'],[],[],What is network traffic?,Network traffic refers to the data that is transmitted over a computer network.,context: 
C-191,Tell me about network traffic. Generate 10 questions with answers based on above writeup. Use JSON format.,['network traffic'],[],[],What are the two main types of network traffic?,The two main types of network traffic are local traffic and internet traffic.,context: 
C-200,Tell me about system messages. Generate 10 questions with answers based on above writeup. Use JSON format.,['system messages'],[],[],What are system messages?,"System messages are notifications, alerts, or error messages that are generated by a computer system or application.",context: 
C-201,Tell me about system messages. Generate 10 questions with answers based on above writeup. Use JSON format.,['system messages'],[],[],What is the purpose of system messages?,The purpose of system messages is to provide information about the state of the system or to inform the user about important events or errors that have occurred.,context: 
C-210,Tell me about System Log. Generate 10 questions with answers based on above writeup. Use JSON format.,['System Log'],[],[],What is a system log?,"A system log is a record of events generated by an operating system, application, or other software running on a computer system.",context: 
C-211,Tell me about System Log. Generate 10 questions with answers based on above writeup. Use JSON format.,['System Log'],[],[],What types of events can be found in a system log?,"A system log can include error messages, warnings, system events, security-related events, and user actions.",context: 
C-220,Tell me about dropped packets.Generate 10 questions with answers based on above writeup. Use JSON format.,['dropped packets'],[],[],What are dropped packets in networking?,Dropped packets in networking are data packets that are discarded by a network device or router because they cannot be delivered to their intended destination.,context: 
C-221,Tell me about dropped packets.Generate 10 questions with answers based on above writeup. Use JSON format.,['dropped packets'],[],[],What are some reasons why packets may be dropped?,"Packets may be dropped due to network congestion, errors, security measures like firewalls or intrusion detection systems, or other issues that prevent packets from being delivered.",context: 
C-230,Tell me about Encryption. Generate 10 questions with answers based on above writeup. Use JSON format.,['Encryption'],[],[],What is encryption?,"Encryption is the process of converting plain or unencrypted data into a coded or encrypted form, which is unreadable without the use of a specific key or password.",context: 
C-231,Tell me about Encryption. Generate 10 questions with answers based on above writeup. Use JSON format.,['Encryption'],[],[],What is the purpose of encryption?,The purpose of encryption is to protect the confidentiality and integrity of data being transmitted over a network or stored on a device.,context: 
C-240,Tell me about Decryption. Generate 10 questions with answers based on above writeup. Use JSON format.,['Decryption'],[],[],What is decryption?,Decryption is the process of converting encrypted or encoded data back into its original form so that it can be understood by authorized individuals.,context: 
C-241,Tell me about Decryption. Generate 10 questions with answers based on above writeup. Use JSON format.,['Decryption'],[],[],What is the opposite of encryption?,The opposite of encryption is decryption.,context: 
C-250,Tell me about Sha. Generate 10 questions with answers based on above writeup. Use JSON format.,['Sha'],[],[],What is SHA?,"SHA (Secure Hash Algorithm) is a cryptographic hash function used to generate a unique digital fingerprint of data, which is used for data integrity and authentication purposes.",context: 
C-251,Tell me about Sha. Generate 10 questions with answers based on above writeup. Use JSON format.,['Sha'],[],[],What is the purpose of SHA?,"The purpose of SHA is to ensure the integrity of data by creating a unique digital signature, which can be used to verify the authenticity of the data.",context: 
C-260,Tell me about XOR. Generate 10 questions with answers based on above writeup. Use JSON format.,['XOR'],[],[],What is XOR?,"XOR is a logical operator that stands for exclusive or, which is used to compare two bits and produce a result of 1 if the bits are different, and 0 if they are the same.",context: 
C-261,Tell me about XOR. Generate 10 questions with answers based on above writeup. Use JSON format.,['XOR'],[],[],What are some practical applications of XOR?,"XOR is commonly used in cryptography for encryption and decryption, as well as in error detection and correction, data compression, and digital signal processing.",context: 
C-270,Tell me about Hash functions. Generate 10 questions with answers based on above writeup. Use JSON format.,['Hash functions'],[],[],What is a hash function?,"A hash function is a mathematical function that converts input data of arbitrary size into a fixed-size output, which represents the original input data in a unique way.",context: 
C-271,Tell me about Hash functions. Generate 10 questions with answers based on above writeup. Use JSON format.,['Hash functions'],[],[],What is the purpose of a hash function?,"The purpose of a hash function is to provide a one-way function that maps data of arbitrary size to a fixed-size output, making it useful for storing passwords and detecting data tampering.",context: 
C-280,Tell me about RPC Null commands. Generate 10 questions with answers based on above writeup. Use JSON format.,['RPC Null commands'],[],[],What are RPC null sessions?,RPC null sessions are connections to a Windows system that have no authentication or authorization information associated with them.,context: 
C-281,Tell me about RPC Null commands. Generate 10 questions with answers based on above writeup. Use JSON format.,['RPC Null commands'],[],[],What is the purpose of an RPC null session?,The purpose of an RPC null session is to allow anonymous connections to a Windows system for certain types of remote procedure calls (RPCs).,context: 
C-290,Tell me about host scripts. Generate 10 questions with answers based on above writeup. Use JSON format.,['host scripts'],[],[],What are host scripts in the context of network scanning?,Host scripts are custom scripts that can be run by network scanners to perform additional tests on target hosts and detect vulnerabilities or misconfigurations.,context: 
C-291,Tell me about host scripts. Generate 10 questions with answers based on above writeup. Use JSON format.,['host scripts'],[],[],How are host scripts different from default scripts in network scanners?,"Host scripts are custom scripts that can be written by users to perform specific tests, while default scripts are built-in scripts provided by the network scanner.",context: 
C-300,Tell me about brute force script. Generate 10 questions with answers based on above writeup. Use JSON format.,['brute force script'],[],[],What is a brute force script?,A brute force script is a type of program or script that attempts to find a solution to a problem by systematically trying all possible solutions.,context: 
C-301,Tell me about brute force script. Generate 10 questions with answers based on above writeup. Use JSON format.,['brute force script'],[],[],What is a brute force attack?,A brute force attack is a hacking technique that involves trying every possible combination of usernames and passwords until the correct one is found.,context: 
C-310,Tell me about denial of service script. Generate 10 questions with answers based on above writeup. Use JSON format.,"['dos script', 'denial of service script']",[],[],What is a DoS script?,A DoS script is a type of program or script that is designed to perform a denial of service (DoS) attack on a target system.,context: 
C-311,Tell me about denial of service script. Generate 10 questions with answers based on above writeup. Use JSON format.,"['dos script', 'denial of service script']",[],[],What is a denial of service attack?,A denial of service attack is an attack on a computer system or network that is intended to make the system or network unavailable to its intended users by disrupting the services of a host connected to the Internet.,context: 
C-320,Tell me about malware script. Generate 10 questions with answers based on above writeup. Use JSON format.,['malware script'],[],[],What are malware scripts?,Malware scripts are computer programs or code snippets designed to perform malicious activities on a computer system or network.,context: 
C-321,Tell me about malware script. Generate 10 questions with answers based on above writeup. Use JSON format.,['malware script'],[],[],Which programming languages are commonly used to write malware scripts?,"Malware scripts can be written in various programming languages, including JavaScript, Python, PowerShell, and Visual Basic.",context: 
C-330,Tell me about Honeypot. Generate 10 questions with answers based on above writeup. Use JSON format.,['Honeypot'],[],[],What is the purpose of a honeypot?,"The purpose of a honeypot is to detect, deflect, or study unauthorized access attempts or malicious activity on a network or system.",context: 
C-331,Tell me about Honeypot. Generate 10 questions with answers based on above writeup. Use JSON format.,['Honeypot'],[],[],What are the types of honeypots?,"Honeypots can be categorized as production honeypots, research honeypots, high-interaction honeypots, and low-interaction honeypots.",context: 
C-340,tell me about Risk Assessment. Generate 10 questions with answers based on above writeup. Use JSON format.,['Risk Assessment'],[],[],What is risk assessment?,"Risk assessment is the process of identifying, evaluating, and analyzing potential risks or threats to an organization's assets, systems, operations, or projects.",context: 
C-341,tell me about Risk Assessment. Generate 10 questions with answers based on above writeup. Use JSON format.,['Risk Assessment'],[],[],What are the steps involved in risk assessment?,"The steps involved in risk assessment include risk identification, risk analysis, risk evaluation, risk treatment, and risk monitoring and review.",context: 
C-350,Tell me about Penetration Testing. Generate 10 questions with answers based on above writeup. Use JSON format.,['Penetration Testing'],[],[],What is penetration testing?,"Penetration testing is a security testing method used to assess the security of computer systems, networks, or applications by simulating real-world attacks.",context: 
C-351,Tell me about Penetration Testing. Generate 10 questions with answers based on above writeup. Use JSON format.,['Penetration Testing'],[],[],What is the goal of penetration testing?,The goal of penetration testing is to identify vulnerabilities and weaknesses in order to strengthen the overall security posture of an organization.,context: 
C-360,Tell me about Port scan. Generate 10 questions with answers based on above writeup. Use JSON format.,['Port scan'],[],[],What is port scanning?,Port scanning is a technique used to identify open ports on a target system or network.,context: 
C-361,Tell me about Port scan. Generate 10 questions with answers based on above writeup. Use JSON format.,['Port scan'],[],[],Why is port scanning performed?,"Port scanning is performed to determine which ports are open, closed, or filtered by firewalls on a target system, providing insight into the services running and potential vulnerabilities.",context: 
C-370,Tell me about Intrusion Detection. Generate 10 questions with answers based on above writeup. Use JSON format.,['Intrusion Detection'],[],[],What is intrusion detection?,Intrusion detection refers to the process of monitoring network or system activities to identify and respond to unauthorized or malicious behavior.,context: 
C-371,Tell me about Intrusion Detection. Generate 10 questions with answers based on above writeup. Use JSON format.,['Intrusion Detection'],[],[],What are the two main types of intrusion detection systems?,The two main types of intrusion detection systems are network-based intrusion detection system (NIDS) and host-based intrusion detection system (HIDS).,context: 
C-380,tell me about Security Policy. Generate 10 questions with answers based on above writeup. Use JSON format.,['Security Policy'],[],[],What is a security policy?,"A security policy is a documented set of rules, guidelines, and procedures that define how an organization manages and protects its assets, information, and resources.",context: 
C-381,tell me about Security Policy. Generate 10 questions with answers based on above writeup. Use JSON format.,['Security Policy'],[],[],Why is a security policy important?,"A security policy is important as it establishes a framework for mitigating risks, ensuring compliance, and safeguarding critical data and systems.",context: 
C-390,Tell me about packet filtering technique. Generate 10 questions with answers based on above writeup. Use JSON format.,['packet filtering'],[],[],What is packet filtering?,Packet filtering is a network security technique that involves examining and controlling network traffic based on specific criteria.,context: 
C-391,Tell me about packet filtering technique. Generate 10 questions with answers based on above writeup. Use JSON format.,['packet filtering'],[],[],At which layers of the OSI model does packet filtering operate?,Packet filtering operates at the network layer (Layer 3) and the transport layer (Layer 4) of the OSI model.,context: 
C-400,tell me about white-box testing. Generate 10 questions with answers based on above writeup. Use JSON format.,['white-box testing'],[],[],What is white-box testing?,White-box testing is a software testing technique that focuses on examining the internal structure and implementation details of a system.,context: 
C-401,tell me about white-box testing. Generate 10 questions with answers based on above writeup. Use JSON format.,['white-box testing'],[],[],What is the main objective of white-box testing?,The main objective of white-box testing is to ensure that the internal components of the system are functioning correctly and that all paths and logic within the code are tested.,context: 
C-410,Tell me about vulnerability detection techniques. Generate 10 questions with answers based on above writeup. Use JSON format.,['vulnerability detection'],[],[],What are vulnerability detection techniques?,"Vulnerability detection techniques are methods used to identify security vulnerabilities in software, systems, networks, or applications.",context: 
C-411,Tell me about vulnerability detection techniques. Generate 10 questions with answers based on above writeup. Use JSON format.,['vulnerability detection'],[],[],What is manual code review?,Manual code review is a technique that involves a thorough manual examination of source code or configuration files to identify coding flaws and security vulnerabilities.,context: 
C-420,Tell me about Malware detections. Generate 10 questions with answers based on above writeup. Use JSON format.,['Malware detections'],[],[],What is malware detection?,"Malware detection refers to the process of identifying and mitigating malicious software, commonly known as malware.",context: 
C-421,Tell me about Malware detections. Generate 10 questions with answers based on above writeup. Use JSON format.,['Malware detections'],[],[],What are the types of malware that can be detected?,"Malware detection can identify viruses, worms, Trojans, ransomware, spyware, and other malicious programs.",context: 
C-430,tell me about Bad Config. Generate 10 questions with answers based on above writeup. Use JSON format.,['Bad Config'],[],[],What is bad configuration?,"Bad configuration, or misconfiguration, refers to errors or mistakes made in the configuration settings of software, systems, or networks.",context: 
C-431,tell me about Bad Config. Generate 10 questions with answers based on above writeup. Use JSON format.,['Bad Config'],[],[],What are some examples of bad configuration?,"Examples of bad configuration include weak passwords, default or easily guessable credentials, unnecessary open ports, insecure protocols, and incorrect access control settings.",context: 
C-440,Tell me about Weak Password. Generate 10 questions with answers based on above writeup. Use JSON format.,['Weak Password'],[],[],What is meant by a weak password?,A weak password refers to a password that is easy to guess or vulnerable to attacks.,context: 
C-441,Tell me about Weak Password. Generate 10 questions with answers based on above writeup. Use JSON format.,['Weak Password'],[],[],What are the risks associated with weak passwords?,"Weak passwords can lead to unauthorized access, data breaches, and compromised security.",context: 
C-450,tell me about HTTP anomaly. Generate 10 questions with answers based on above writeup. Use JSON format.,['HTTP anomaly'],[],[],What is HTTP anomaly?,HTTP anomaly refers to abnormal or suspicious behavior observed within the Hypertext Transfer Protocol (HTTP) communication.,context: 
C-451,tell me about HTTP anomaly. Generate 10 questions with answers based on above writeup. Use JSON format.,['HTTP anomaly'],[],[],Why is detecting HTTP anomalies important?,Detecting HTTP anomalies helps identify potential security threats and malicious activity within the HTTP traffic.,context: 
C-460,tell me about security holes.Generate 10 questions with answers based on above writeup. Use JSON format.,['security holes'],[],[],What are security holes?,"Security holes are weaknesses or flaws in computer systems, software applications, or networks that can be exploited by attackers.",context: 
C-461,tell me about security holes.Generate 10 questions with answers based on above writeup. Use JSON format.,['security holes'],[],[],What causes security holes?,"Security holes can occur due to programming errors, misconfigurations, design flaws, or outdated software.",context: 
C-470,Tell me about configuration flaws. Generate 10 questions with answers based on above writeup. Use JSON format.,['configuration flaws'],[],[],What are configuration flaws?,"Configuration flaws are misconfigurations or incorrect settings in software, systems, or network configurations that introduce vulnerabilities and security risks.",context: 
C-471,Tell me about configuration flaws. Generate 10 questions with answers based on above writeup. Use JSON format.,['configuration flaws'],[],[],What are the consequences of configuration flaws?,"Configuration flaws can lead to unauthorized access, data breaches, system compromise, and other security incidents.",context: 
C-480,tell me about Common Vulnerabilities and Exposures (CVE). Generate 10 questions with answers based on above writeup. Use JSON format.,['Common Vulnerabilities and Exposures (CVE)'],[],[],What is CVE?,CVE stands for Common Vulnerabilities and Exposures. It is a standardized dictionary of publicly known information security vulnerabilities and exposures.,context: 
C-481,tell me about Common Vulnerabilities and Exposures (CVE). Generate 10 questions with answers based on above writeup. Use JSON format.,['Common Vulnerabilities and Exposures (CVE)'],[],[],What is the purpose of CVE?,"The purpose of CVE is to provide a common naming convention, description, and references for identifying and discussing security vulnerabilities in software and hardware systems.",context: 
C-490,tell me about spoofing. Generate 10 questions with answers based on above writeup. Use JSON format.,['spoofing'],[],[],What is spoofing?,"Spoofing is a technique used by attackers to deceive or impersonate legitimate entities, systems, or communication channels.",context: 
C-491,tell me about spoofing. Generate 10 questions with answers based on above writeup. Use JSON format.,['spoofing'],[],[],Why do attackers use spoofing?,"Attackers use spoofing to gain unauthorized access, bypass security controls, or trick users into providing sensitive information.",context: 
C-500,tell me about buffer overflow exploit. Generate 10 questions with answers based on above writeup. Use JSON format.,['buffer overflow exploit'],[],[],What is a buffer overflow exploit?,"A buffer overflow exploit occurs when a program writes data beyond the allocated buffer, overwriting adjacent memory locations.",context: 
C-501,tell me about buffer overflow exploit. Generate 10 questions with answers based on above writeup. Use JSON format.,['buffer overflow exploit'],[],[],How can attackers use buffer overflow exploits?,"Attackers can use buffer overflow exploits to inject malicious code, gain unauthorized access, or crash a program.",context: 
C-510,tell me about FTP Anomaly. Generate 10 questions with answers based on above writeup. Use JSON format.,['FTP Anomaly'],[],[],What is FTP Anomaly?,FTP Anomaly refers to abnormal or suspicious activities observed in FTP traffic that deviate from normal behavior.,context: 
C-511,tell me about FTP Anomaly. Generate 10 questions with answers based on above writeup. Use JSON format.,['FTP Anomaly'],[],[],What are some examples of FTP anomalies?,"Examples of FTP anomalies include unusual login patterns, unauthorized access attempts, abnormal file transfer sizes, or suspicious command sequences.",context: 
C-520,tell me about Forging. Generate 10 questions with answers based on above writeup. Use JSON format.,['Forging'],[],[],What is forgery?,"Forgery, also known as spoofing, is a technique used by attackers to falsify or manipulate information to deceive systems or users.",context: 
C-521,tell me about Forging. Generate 10 questions with answers based on above writeup. Use JSON format.,['Forging'],[],[],What is the purpose of forgery?,"The purpose of forgery is to trick systems, applications, or users, often with the goal of gaining unauthorized access or manipulating data.",context: 
C-530,Tell me about browsers. Generate 10 questions with answers based on above writeup. Use JSON format.,['browsers'],[],[],What is a browser?,A browser is a software application that allows users to access and navigate websites on the internet.,context: 
C-531,Tell me about browsers. Generate 10 questions with answers based on above writeup. Use JSON format.,['browsers'],[],[],What do browsers provide an interface for?,Browsers provide an interface for users to enter URLs or search queries and render web pages.,context: 
C-540,tell me about user interface. Generate 10 questions with answers based on above writeup. Use JSON format.,['user interface'],[],[],What is user interface (UI)?,"User interface refers to the visual and interactive elements that allow users to interact with a computer system, software application, or website.",context: 
C-541,tell me about user interface. Generate 10 questions with answers based on above writeup. Use JSON format.,['user interface'],[],[],Why is user interface important?,"User interface is important as it serves as the primary means of communication between the user and the system, aiming to provide a seamless and intuitive user experience.",context: 
C-550,Tell me about SSH service. Generate 10 questions with answers based on above writeup.,['SSH service'],[],[],What is SSH?,SSH (Secure Shell) is a network protocol that enables secure and encrypted communication between two systems.,context: 
C-551,Tell me about SSH service. Generate 10 questions with answers based on above writeup.,['SSH service'],[],[],What is the purpose of the SSH service?,The SSH service allows users to establish secure shell sessions and securely manage remote systems.,context: 
C-560,tell me about logging service. Generate 10 questions with answers based on above writeup. Use JSON format.,['logging service'],[],[],What is the purpose of a logging service?,"A logging service collects, stores, and analyzes log data generated by various systems, applications, and devices within an organization's infrastructure.",context: 
C-561,tell me about logging service. Generate 10 questions with answers based on above writeup. Use JSON format.,['logging service'],[],[],What kind of information is captured in logs?,"Logs can include information about system events, user activities, network traffic, security incidents, application errors, and more.",context: 
C-570,tell me about webapp. Generate 10 questions with answers based on above writeup. Use JSON format.,['webapp'],[],[],What is a web application?,A web application is a software application that runs on web servers and is accessed through a web browser.,context: 
C-571,tell me about webapp. Generate 10 questions with answers based on above writeup. Use JSON format.,['webapp'],[],[],What are the components of a web application?,A web application consists of a front-end (client-side) and a back-end (server-side).,context: 
C-580,tell me about website. Generate 10 questions with answers based on above writeup. Use JSON format.,['website'],[],[],What is a website?,A website is a collection of interconnected web pages or resources accessible over the internet.,context: 
C-581,tell me about website. Generate 10 questions with answers based on above writeup. Use JSON format.,['website'],[],[],What are the components of a website?,"Components of a website include web pages, hyperlinks, multimedia content, navigation menus, forms, and backend functionality.",context: 
C-590,tell me about IPTables. Generate 10 questions with answers based on above writeup. Use JSON format.,['IPTables'],[],[],What is IPTables?,IPTables is a command-line tool used for managing packet filtering rules in Linux.,context: 
C-591,tell me about IPTables. Generate 10 questions with answers based on above writeup. Use JSON format.,['IPTables'],[],[],What is the purpose of IPTables?,The main purpose of IPTables is to provide firewall functionality and control network traffic.,context: 
C-600,tell me about UDP services. Generate 10 questions with answers based on above writeup. Use JSON format.,['UDP services'],[],[],What is UDP?,UDP (User Datagram Protocol) is a connectionless transport layer protocol used for transmitting datagrams in computer networks.,context: 
C-601,tell me about UDP services. Generate 10 questions with answers based on above writeup. Use JSON format.,['UDP services'],[],[],How does UDP differ from TCP?,UDP does not provide reliable or ordered delivery of data like TCP does. It focuses on simplicity and low overhead.,context: 
C-610,Tell me about kernel. Generate 10 questions with answers based on above writeup. Use JSON format.,['kernel'],[],[],What is the kernel?,The kernel is the core component of an operating system that manages system resources and facilitates communication between software and hardware.,context: 
C-611,Tell me about kernel. Generate 10 questions with answers based on above writeup. Use JSON format.,['kernel'],[],[],What are the main functions of the kernel?,"The kernel performs various functions, including memory management, process scheduling, device driver management, and system call handling.",context: 
C-620,tell me about mail programs. Generate 10 questions with answers based on above writeup. Use JSON format.,['mail programs'],[],[],What are mail programs?,Mail programs are software tools that enable users to manage and interact with their email accounts.,context: 
C-621,tell me about mail programs. Generate 10 questions with answers based on above writeup. Use JSON format.,['mail programs'],[],[],What features do mail programs provide?,"Mail programs provide features for sending, receiving, organizing, and composing emails.",context: 
C-630,tell me about linux box. Generate 10 questions with answers based on above writeup. Use JSON format.,['linux box'],[],[],What is a Linux box?,A Linux box refers to a computer system or device that runs the Linux operating system.,context: 
C-631,tell me about linux box. Generate 10 questions with answers based on above writeup. Use JSON format.,['linux box'],[],[],What are the benefits of using a Linux box?,"Linux boxes offer benefits such as stability, security, flexibility, and a vast ecosystem of software applications and tools.",context: 
C-640,tell me about home network. Generate 10 questions with answers based on above writeup. Use JSON format.v,['home network'],[],[],What is the purpose of a home network?,A home network allows devices within a residential environment to communicate with each other and access the internet.,context: 
C-641,tell me about home network. Generate 10 questions with answers based on above writeup. Use JSON format.v,['home network'],[],[],What types of devices can be connected to a home network?,"Devices such as computers, smartphones, tablets, smart TVs, gaming consoles, and IoT devices can be connected to a home network.",context: 
C-650,tell me about public domain.Generate 10 questions with answers based on above writeup. Use JSON format.,['public domain'],[],[],What is the public domain?,The public domain refers to intellectual property that is not protected by copyright and is available for public use.,context: 
C-651,tell me about public domain.Generate 10 questions with answers based on above writeup. Use JSON format.,['public domain'],[],[],What types of works can be found in the public domain?,"Various works can be in the public domain, such as books, artworks, films, music, and scientific discoveries.",context: 
C-660,tell me about client gateway server. Generate 10 questions with answers based on above writeup. Use JSON format.,['client gateway server'],[],[],What is the purpose of a client gateway server?,"A client gateway server acts as an intermediary between client devices and external networks or services, facilitating communication and managing network traffic.",context: 
C-661,tell me about client gateway server. Generate 10 questions with answers based on above writeup. Use JSON format.,['client gateway server'],[],[],What services does a client gateway server provide?,"A client gateway server provides services such as routing, firewalling, NAT, VPN connectivity, and proxying.",context: 
C-670,tell me about live hosts. Generate 10 questions with answers based on above writeup. Use JSON format.,['live hosts'],[],[],What are live hosts?,Live hosts are devices or systems that are currently active and connected to a network.,context: 
C-671,tell me about live hosts. Generate 10 questions with answers based on above writeup. Use JSON format.,['live hosts'],[],[],Why is identifying live hosts important?,"Identifying live hosts is important for network management, troubleshooting, and security purposes.",context: 
C-680,tell me about server. Generate 10 questions with answers based on above writeup. Use JSON format.,['server'],[],[],What is a server?,"A server is a computer or system that provides services, resources, or functionality to other devices or computers on a network.",context: 
C-681,tell me about server. Generate 10 questions with answers based on above writeup. Use JSON format.,['server'],[],[],What role does a server play in a network?,"Servers facilitate communication, data storage, and processing between clients or users and the network.",context: 
C-690,Tell me about client in networking. Generate 10 questions with answers based on above writeup. Use JSON format.,"['client side', 'client in networking']",[],[],What is a client in networking?,"A client in networking refers to a device or software application that requests and consumes services, resources, or information from a server.",context: 
C-691,Tell me about client in networking. Generate 10 questions with answers based on above writeup. Use JSON format.,"['client side', 'client in networking']",[],[],What is the client-server model?,"The client-server model is a distributed computing architecture where the client initiates requests to the server, which processes those requests and sends back the desired information or services.",context: 
C-700,tell me about remote server. Generate 10 questions with answers based on above writeup. Use JSON format.,['remote server'],[],[],What is a remote server?,"A remote server refers to a computer or system that provides services, resources, or data to other devices or clients over a network, typically the internet.",context: 
C-701,tell me about remote server. Generate 10 questions with answers based on above writeup. Use JSON format.,['remote server'],[],[],What is the client-server model in the context of remote servers?,"The client-server model is a framework where clients make requests to remote servers, and the servers respond by providing the requested services or information.",context: 
C-710,Tell me about kali linux machine. Generate 10 questions with answers based on above writeup. Use JSON format.,['kali linux machine'],[],[],What is the primary purpose of Kali Linux?,"Kali Linux is primarily used for penetration testing, ethical hacking, and digital forensics.",context: 
C-711,Tell me about kali linux machine. Generate 10 questions with answers based on above writeup. Use JSON format.,['kali linux machine'],[],[],What types of professionals commonly use Kali Linux?,"Kali Linux is commonly used by cybersecurity professionals, ethical hackers, and penetration testers.",context: 
C-720,tell me about virtual box. Generate 10 questions with answers based on above writeup. Use JSON format.,['virtual box'],[],[],What is the purpose of VirtualBox?,VirtualBox is a virtualization software that allows users to create and run virtual machines on their computers.,context: 
C-721,tell me about virtual box. Generate 10 questions with answers based on above writeup. Use JSON format.,['virtual box'],[],[],Which operating systems are supported by VirtualBox?,"VirtualBox is compatible with Windows, macOS, Linux, and Solaris as host operating systems, and supports various guest operating systems including Windows, Linux, macOS, and Solaris.",context: 
C-730,tell me about wireshark. Generate 10 questions with answers based on above writeup. Use JSON format.,['wireshark'],[],[],What is the primary purpose of Wireshark?,"The primary purpose of Wireshark is network troubleshooting, analysis, and security auditing.",context: 
C-731,tell me about wireshark. Generate 10 questions with answers based on above writeup. Use JSON format.,['wireshark'],[],[],In which platforms is Wireshark available?,"Wireshark is available for platforms like Windows, macOS, and Linux.",context: 
C-740,tell me about burp suite. Generate 10 questions with answers based on above writeup. Use JSON format.,['burp suite'],[],[],What is Burp Suite?,Burp Suite is a web application security testing platform developed by PortSwigger.,context: 
C-741,tell me about burp suite. Generate 10 questions with answers based on above writeup. Use JSON format.,['burp suite'],[],[],Who uses Burp Suite?,Burp Suite is used by security professionals and penetration testers to assess the security of web applications.,context: 
C-750,tell me about snort. Generate 10 questions with answers based on above writeup. Use JSON format.,['snort'],[],[],What is Snort?,Snort is an open-source network intrusion detection and prevention system (IDS/IPS) used for real-time traffic analysis and packet logging.,context: 
C-751,tell me about snort. Generate 10 questions with answers based on above writeup. Use JSON format.,['snort'],[],[],What is the main purpose of Snort?,The main purpose of Snort is to detect and prevent network-based attacks and malicious activities.,context: 
C-760,tell me about port scanner. Generate 10 questions with answers based on above writeup. Use JSON format.,['port scanner'],[],[],What is the purpose of a port scanner?,A port scanner is used to scan a computer network for open ports on target systems to assess their security and identify potential vulnerabilities.,context: 
C-761,tell me about port scanner. Generate 10 questions with answers based on above writeup. Use JSON format.,['port scanner'],[],[],Who uses port scanners?,Port scanners are used by network administrators and security professionals to analyze network security and detect potential vulnerabilities.,context: 
C-770,tell me about packet decoder. Generate 10 questions with answers based on above writeup. Use JSON format.,['packet decoder'],[],[],What is the purpose of a packet decoder?,A packet decoder is used to analyze and interpret the contents of network packets.,context: 
C-771,tell me about packet decoder. Generate 10 questions with answers based on above writeup. Use JSON format.,['packet decoder'],[],[],Who typically uses a packet decoder?,"Packet decoders are commonly used by network administrators, security professionals, and developers.",context: 
C-780,tell me about firewall. Generate 10 questions with answers based on above writeup. Use JSON format.,['firewall'],[],[],What is the purpose of a firewall?,"The purpose of a firewall is to protect a trusted internal network from unauthorized access, malicious attacks, and unwanted traffic.",context: 
C-781,tell me about firewall. Generate 10 questions with answers based on above writeup. Use JSON format.,['firewall'],[],[],How does a firewall work?,A firewall monitors and controls incoming and outgoing network traffic based on predetermined security rules.,context: 
C-790,Tell me about Nmap. Generate 10 questions with answers based on above writeup. Use JSON format.,['Nmap'],[],[],What is Nmap?,"Nmap is an open-source network scanning tool used for network exploration, security auditing, and vulnerability assessment.",context: 
C-791,Tell me about Nmap. Generate 10 questions with answers based on above writeup. Use JSON format.,['Nmap'],[],[],What are some common use cases of Nmap?,"Nmap is commonly used to discover hosts on a network, identify open ports, detect running services, and perform security assessments.",context: 
C-800,tell me about Intrusion Detection Systems (IDS).Generate 10 questions with answers based on above writeup. Use JSON format.,['Intrusion Detection Systems (IDS)'],[],[],What is the main purpose of an Intrusion Detection System (IDS)?,The main purpose of an IDS is to monitor network traffic and detect suspicious or malicious activities.,context: 
C-801,tell me about Intrusion Detection Systems (IDS).Generate 10 questions with answers based on above writeup. Use JSON format.,['Intrusion Detection Systems (IDS)'],[],[],What are the two main types of IDS?,The two main types of IDS are Network-based IDS (NIDS) and Host-based IDS (HIDS).,context: 
C-810,tell me about Metasploit framework.Generate 10 questions with answers based on above writeup. Use JSON format.,['Metasploit framework'],[],[],What is the Metasploit Framework?,The Metasploit Framework is an open-source penetration testing and exploitation tool used for assessing and exploiting vulnerabilities in systems.,context: 
C-811,tell me about Metasploit framework.Generate 10 questions with answers based on above writeup. Use JSON format.,['Metasploit framework'],[],[],What functionalities does the Metasploit Framework provide?,"The Metasploit Framework offers a wide range of tools and functionalities for penetration testing, vulnerability assessment, and network security research.",context: 
C-820,tell me about TCPdump. Generate 10 questions with answers based on above writeup. Use JSON format.,['TCPdump'],[],[],What is TCPdump?,TCPdump is a command-line packet capture tool used to capture and analyze network traffic.,context: 
C-821,tell me about TCPdump. Generate 10 questions with answers based on above writeup. Use JSON format.,['TCPdump'],[],[],What is the purpose of TCPdump?,"The purpose of TCPdump is to troubleshoot network issues, monitor network activity, and perform security analysis.",context: 
C-830,tell me about users in cybersecurity. Generate 10 questions with answers based on above writeup. Use JSON format.,"['users in cybersecurity', 'users']",[],[],Who are users in cybersecurity?,"Users in cybersecurity refer to individuals who utilize and interact with technology, systems, networks, and data within an organization.",context: 
C-831,tell me about users in cybersecurity. Generate 10 questions with answers based on above writeup. Use JSON format.,"['users in cybersecurity', 'users']",[],[],Why are users important in cybersecurity?,"Users are considered the first line of defense in cybersecurity, as their actions can either strengthen or weaken the security of an organization.",context: 
C-840,tell me about the role of employee in cybersecurity. Generate 10 questions with answers based on above writeup. Use JSON format.,"['employee in cybersecurity', 'employee']",[],[],What is the role of employee awareness and training in cybersecurity?,"Employee awareness and training are crucial in educating staff about potential risks, security best practices, and how to identify and respond to security threats.",context: 
C-841,tell me about the role of employee in cybersecurity. Generate 10 questions with answers based on above writeup. Use JSON format.,"['employee in cybersecurity', 'employee']",[],[],Why is it important for employees to follow security policies?,"By following security policies, employees contribute to maintaining a secure environment, safeguarding sensitive data, and mitigating risks associated with cyber threats.",context: 
C-850,tell me about hacker. Generate 10 questions with answers based on above writeup. Use JSON format.,['hacker'],[],[],What is a hacker?,A hacker is an individual with advanced computer skills who gains unauthorized access to computer systems or networks.,context: 
C-851,tell me about hacker. Generate 10 questions with answers based on above writeup. Use JSON format.,['hacker'],[],[],Who are white hat hackers?,White hat hackers are ethical hackers or security researchers who help organizations identify and fix vulnerabilities in systems to improve cybersecurity.,context: 
C-860,tell me about black hat. Generate 10 questions with answers based on above writeup. Use JSON format.,['black hat'],[],[],What is a black hat hacker?,"A black hat hacker is an individual who uses their technical skills to engage in malicious activities, such as hacking, exploiting vulnerabilities, and committing cybercrimes.",context: 
C-861,tell me about black hat. Generate 10 questions with answers based on above writeup. Use JSON format.,['black hat'],[],[],What motivates black hat hackers?,"Black hat hackers are typically motivated by personal gain, financial profit, political agenda, revenge, or simply the thrill of causing disruption and chaos.",context: 
C-870,tell me about cybercriminals. Generate 10 questions with answers based on above writeup. Use JSON format.,['cybercriminals'],[],[],Who are cybercriminals?,Cybercriminals are individuals or groups who engage in illegal activities in the digital realm for personal gain.,context: 
C-871,tell me about cybercriminals. Generate 10 questions with answers based on above writeup. Use JSON format.,['cybercriminals'],[],[],What do cybercriminals exploit?,"Cybercriminals exploit vulnerabilities in computer systems, networks, and online platforms to commit various types of cybercrimes.",context: 
C-880,Tell me about attack host. Generate 10 questions with answers based on above writeup. Use JSON format.,['attack host'],[],[],What is an attack host?,An attack host is a computer or device used by malicious actors to launch cyber attacks.,context: 
C-881,Tell me about attack host. Generate 10 questions with answers based on above writeup. Use JSON format.,['attack host'],[],[],Why is an attack host also called an attacker's machine?,An attack host is called an attacker's machine because it is used by attackers to carry out malicious activities.,context: 
C-890,tell me about White Hacker. Generate 10 questions with answers based on above writeup. Use JSON format.,['White Hacker'],[],[],What is the role of a white hat hacker?,White hat hackers identify and fix security vulnerabilities in computer systems and networks.,context: 
C-891,tell me about White Hacker. Generate 10 questions with answers based on above writeup. Use JSON format.,['White Hacker'],[],[],How do white hat hackers differ from black hat hackers?,"White hat hackers work ethically and legally to protect organizations, while black hat hackers engage in malicious activities.",context: 
C-900,tell me about Security Engineer. Generate 10 questions with answers based on above writeup. Use JSON format.,['Security Engineer'],[],[],What is the role of a security engineer?,"A security engineer is responsible for designing, implementing, and maintaining security measures in an organization's IT infrastructure.",context: 
C-901,tell me about Security Engineer. Generate 10 questions with answers based on above writeup. Use JSON format.,['Security Engineer'],[],[],What does a security engineer focus on?,"A security engineer focuses on protecting systems, networks, and data from unauthorized access and potential threats.",context: 
C-910,tell me about Ethical Hacker. Generate 10 questions with answers based on above writeup. Use JSON format.,['Ethical Hacker.'],[],[],What is the role of an ethical hacker?,Ethical hackers perform authorized hacking activities to identify vulnerabilities and improve the security of an organization.,context: 
C-911,tell me about Ethical Hacker. Generate 10 questions with answers based on above writeup. Use JSON format.,['Ethical Hacker.'],[],[],What ethical guidelines do ethical hackers follow?,"Ethical hackers adhere to a code of ethics and legal guidelines, ensuring their activities are within the boundaries of the law and with the permission of the target organization.",context: 
C-920,tell me about teamDefense. Generate 10 questions with answers based on above writeup. Use JSON format.,['teamDefense'],[],[],What is TeamDefense?,TeamDefense is a collaborative approach to cybersecurity that involves the coordinated efforts of multiple individuals or teams within an organization to defend against cyber threats.,context: 
C-921,tell me about teamDefense. Generate 10 questions with answers based on above writeup. Use JSON format.,['teamDefense'],[],[],What does TeamDefense emphasize?,"TeamDefense emphasizes teamwork, communication, and shared responsibility in protecting the organization's systems and data.",context: 
C-930,tell me about network administrators.Generate 10 questions with answers based on above writeup. Use JSON format.,['network administrators'],[],[],What is the role of network administrators?,Network administrators are responsible for managing and maintaining computer networks within an organization.,context: 
C-931,tell me about network administrators.Generate 10 questions with answers based on above writeup. Use JSON format.,['network administrators'],[],[],What are the key responsibilities of network administrators?,"Network administrators handle tasks such as network configuration, troubleshooting, performance monitoring, and network security management.",context: 
C-940,Tell me about white hats. Generate 10 questions with answers based on above writeup. Use JSON format.,['white hats'],[],[],What are white hats?,"White hats are individuals who use their technical skills to identify and resolve security vulnerabilities in computer systems, networks, and software.",context: 
C-941,Tell me about white hats. Generate 10 questions with answers based on above writeup. Use JSON format.,['white hats'],[],[],What is the primary goal of white hats?,The primary goal of white hats is to improve the security posture of organizations by identifying and addressing security weaknesses.,context: 
C-950,tell me about cyber defenders. Generate 10 questions with answers based on above writeup. Use JSON format.,['cyber defenders'],[],[],What are cyber defenders?,"Cyber defenders are individuals or teams responsible for safeguarding computer systems, networks, and data from cyber threats.",context: 
C-951,tell me about cyber defenders. Generate 10 questions with answers based on above writeup. Use JSON format.,['cyber defenders'],[],[],What is the role of cyber defenders?,The role of cyber defenders is to protect organizations and individuals against malicious activities and cyber attacks.,context: 
C-960,tell me about pen tester. Generate 10 questions with answers based on above writeup. Use JSON format.,['pen tester'],[],[],What is a pen tester?,A pen tester is a cybersecurity professional who conducts simulated attacks on systems to identify vulnerabilities and assess the security of an organization.,context: 
C-961,tell me about pen tester. Generate 10 questions with answers based on above writeup. Use JSON format.,['pen tester'],[],[],What is the purpose of a pen tester?,"The purpose of a pen tester is to uncover security flaws, assess security controls, and help strengthen an organization's defenses against potential threats.",context: 
C-970,tell me about network operators. Generate 10 questions with answers based on above writeup. Use JSON format.,['network operators'],[],[],What is the role of network operators?,"Network operators are responsible for the management, maintenance, and monitoring of computer networks within an organization.",context: 
C-971,tell me about network operators. Generate 10 questions with answers based on above writeup. Use JSON format.,['network operators'],[],[],What are some of the tasks performed by network operators?,"Network operators configure, install, and maintain network hardware and software components, monitor network performance and security, troubleshoot network issues, and enforce network security policies.",context: 
C-980,tell me about white-box tester. Generate 10 questions with answers based on above writeup. Use JSON format.,['white-box tester'],[],[],What is white-box testing?,"White-box testing is a software testing approach where the tester has full knowledge and access to the internal structure, design, and implementation details of the system being tested.",context: 
C-981,tell me about white-box tester. Generate 10 questions with answers based on above writeup. Use JSON format.,['white-box tester'],[],[],Who is a white-box tester?,"A white-box tester is an individual or a team responsible for assessing the security of a system, application, or network with a deep understanding of its internal workings.",context: 
C-990,"""Tell me about Session ID. Then generate 10 questions with answers on Session ID based on the writeup"",",Session ID,[],[],"What is a session ID, and why is it important?","A session ID is a unique identifier assigned to a user during a session with a web server. It is important because it helps maintain state information between multiple requests and responses, such as user authentication status and user-specific information.",context: 
C-991,"""Tell me about Session ID. Then generate 10 questions with answers on Session ID based on the writeup"",",Session ID,[],[],How is a session ID generated?,A session ID is generated on the server-side and is usually a random string of characters. It can be stored in a cookie or URL parameter to identify the user's session.,context: 
C-1000,"""Generate 10 questions with short answers based on above writeup on cookies."",",['Cookies'],[],[],What are cookies used for?,"Cookies are used to keep track of user activity, store user preferences and login information, and remember user information across multiple pages or visits to the website.",context: 
C-1001,"""Generate 10 questions with short answers based on above writeup on cookies."",",['Cookies'],[],[],What is the difference between session cookies and persistent cookies?,"Session cookies are temporary and are deleted once the user closes their browser, while persistent cookies remain on the user's device until they expire or are manually deleted.",context: 
C-1008,"""Tell me about Packet Forwarding. Then generate 10 questions with answers on Packet Forwarding based on the writeup"",",['Cookies'],[],[],What is packet forwarding?,Packet forwarding is the process of transmitting network packets from one device to another based on their destination IP address.,context: 
C-1009,"""Tell me about Packet Forwarding. Then generate 10 questions with answers on Packet Forwarding based on the writeup"",",['Cookies'],[],[],What information does a packet contain?,"A packet contains information about its destination IP address, source IP address, and other relevant details.",context: 
C-1018,"""Tell me about IP address. Then generate 10 questions with answers on IP address based on the writeup"",",IP address,[],[],"What is an IP address?,What is the purpose of an IP address?",An IP address is a unique identifier assigned to every device connected to the internet.,context: 
C-1019,"""Tell me about IP address. Then generate 10 questions with answers on IP address based on the writeup"",",IP address,[],[],"What does the term 'IP' stand for?,What does the term 'IP' mean?",'IP' stands for 'Internet Protocol.',context: 
